0.0626894	0
0.125379	0.0626483
0.188068	0.125051
0.250758	0.186961
0.313447	0.248138
0.376136	0.308339
0.438826	0.36733
0.501515	0.424877
0.564204	0.480754
0.626894	0.534744
0.689583	0.586632
0.752272	0.636216
0.814962	0.6833
0.877651	0.727699
0.940341	0.76924
1.00303	0.807759
1.06572	0.843104
1.12841	0.875137
1.1911	0.903732
1.25379	0.928777
1.31648	0.950172
1.37917	0.967835
1.44186	0.981695
1.50455	0.991699
1.56723	0.997806
1.62992	0.999994
1.69261	0.998252
1.7553	0.992589
1.81799	0.983027
1.88068	0.969602
1.94337	0.952368
2.00606	0.931393
2.06875	0.906759
2.13144	0.878562
2.19413	0.846913
2.25682	0.811938
2.31951	0.773772
2.3822	0.732567
2.44489	0.688484
2.50758	0.641695
2.57026	0.592386
2.63295	0.54075
2.69564	0.486989
2.75833	0.431315
2.82102	0.373946
2.88371	0.315109
2.9464	0.255033
3.00909	0.193955
3.07178	0.132116
3.13447	0.0697572
3.19716	0.00712451
3.25985	-0.0555361
3.32254	-0.117979
3.38523	-0.179958
3.44791	-0.24123
3.5106	-0.301554
3.57329	-0.360693
3.63598	-0.418416
3.69867	-0.474495
3.76136	-0.528709
3.82405	-0.580847
3.88674	-0.630702
3.94943	-0.67808
4.01212	-0.722794
4.07481	-0.764668
4.1375	-0.803538
4.20019	-0.839251
4.26288	-0.871667
4.32556	-0.900659
4.38825	-0.926112
4.45094	-0.947927
4.51363	-0.966017
4.57632	-0.980313
4.63901	-0.990757
4.7017	-0.997309
4.76439	-0.999943
4.82708	-0.998648
4.88977	-0.99343
4.95246	-0.984309
5.01515	-0.971322
5.07784	-0.954518
5.14053	-0.933964
5.20322	-0.909741
5.2659	-0.881944
5.32859	-0.850682
5.39128	-0.816078
5.45397	-0.778268
5.51666	-0.7374
5.57935	-0.693635
5.64204	-0.647146
5.70473	-0.598113
5.76742	-0.546732
5.83011	-0.493202
5.8928	-0.437734
5.95549	-0.380547
6.01818	-0.321865
6.08087	-0.261918
6.14355	-0.200942
6.20624	-0.139177
6.26893	-0.0768654
6.33162	-0.0142515
6.39431	0.0484184
6.457	0.110898
6.51969	0.172942
6.58238	0.234307
6.64507	0.294751
6.70776	0.354037
6.77045	0.411932
6.83314	0.468209
6.89583	0.522646
6.95852	0.57503
7.0212	0.625155
7.08389	0.672824
7.14658	0.71785
7.20927	0.760055
7.27196	0.799275
7.33465	0.835354
7.39734	0.868152
7.46003	0.897539
7.52272	0.9234
7.58541	0.945633
7.6481	0.964151
7.71079	0.978881
7.77348	0.989765
7.83617	0.996761
7.89886	0.999841
7.96154	0.998993
8.02423	0.994221
8.08692	0.985542
8.14961	0.972991
8.2123	0.956618
8.27499	0.936487
8.33768	0.912676
8.40037	0.88528
8.46306	0.854405
8.52575	0.820174
8.58844	0.782721
8.65113	0.742193
8.71382	0.698748
8.77651	0.652559
8.8392	0.603806
8.90189	0.55268
8.96458	0.499384
9.02727	0.444125
9.08996	0.387122
9.15265	0.328597
9.21534	0.268782
9.27803	0.207911
9.34072	0.146222
9.40341	0.0839598
9.4661	0.0213673
9.52879	-0.0413091
9.59148	-0.103823
9.65417	-0.165929
9.71686	-0.227384
9.77955	-0.287945
9.84224	-0.347374
9.90493	-0.405439
9.96762	-0.461912
10.0303	-0.516569
10.093	-0.569197
10.1557	-0.619589
10.2184	-0.667546
10.2811	-0.712881
10.3438	-0.755415
10.4064	-0.794982
10.4691	-0.831425
10.5318	-0.864602
10.5945	-0.894382
10.6572	-0.920648
10.7199	-0.943297
10.7826	-0.96224
10.8453	-0.977403
10.908	-0.988726
10.9707	-0.996165
11.0333	-0.99969
11.096	-0.999287
11.1587	-0.994958
11.2214	-0.986721
11.2841	-0.974607
11.3468	-0.958664
11.4095	-0.938954
11.4722	-0.915556
11.5349	-0.888561
11.5976	-0.858075
11.6602	-0.824218
11.7229	-0.787122
11.7856	-0.746935
11.8483	-0.703812
11.911	-0.657925
11.9737	-0.609453
12.0364	-0.558586
12.0991	-0.505525
12.1618	-0.450478
12.2244	-0.393661
12.2871	-0.335298
12.3498	-0.275617
12.4125	-0.214854
12.4752	-0.153246
12.5379	-0.0910361
12.6006	-0.0284687
12.6633	0.0342106
12.726	0.0967554
12.7887	0.15892
12.8513	0.220461
12.914	0.281135
12.9767	0.340705
13.0394	0.398936
13.1021	0.4556
13.1648	0.510474
13.2275	0.563342
13.2902	0.613997
13.3529	0.66224
13.4156	0.707882
13.4782	0.750742
13.5409	0.790653
13.6036	0.827457
13.6663	0.861011
13.729	0.891182
13.7917	0.917852
13.8544	0.940915
13.9171	0.960283
13.9798	0.975877
14.0425	0.987638
14.1051	0.995518
14.1678	0.999487
14.2305	0.99953
14.2932	0.995646
14.3559	0.98785
14.4186	0.976173
14.4813	0.960661
14.544	0.941375
14.6067	0.91839
14.6694	0.891797
14.732	0.861701
14.7947	0.828219
14.8574	0.791484
14.9201	0.751639
14.9828	0.708841
15.0455	0.663258
15.1082	0.615069
15.1709	0.564464
15.2336	0.511642
15.2962	0.456809
15.3589	0.400181
15.4216	0.341982
15.4843	0.282439
15.547	0.221786
15.6097	0.160262
15.6724	0.0981079
15.7351	0.0355686
15.7978	-0.0271103
15.8605	-0.0896828
15.9231	-0.151903
15.9858	-0.213526
16.0485	-0.274311
16.1112	-0.334016
16.1739	-0.39241
16.2366	-0.449262
16.2993	-0.504349
16.362	-0.557455
16.4247	-0.60837
16.4873	-0.656896
16.55	-0.702841
16.6127	-0.746025
16.6754	-0.786278
16.7381	-0.823441
16.8008	-0.85737
16.8635	-0.887931
16.9262	-0.915003
16.9889	-0.938481
17.0515	-0.958272
17.1142	-0.974298
17.1769	-0.986496
17.2396	-0.994819
17.3023	-0.999234
17.365	-0.999723
17.4277	-0.996284
17.4904	-0.988932
17.5531	-0.977694
17.6157	-0.962616
17.6784	-0.943756
17.7411	-0.921188
17.8038	-0.895001
17.8665	-0.865298
17.9292	-0.832195
17.9919	-0.795823
18.0546	-0.756325
18.1173	-0.713856
18.1799	-0.668582
18.2426	-0.620681
18.3053	-0.570342
18.368	-0.517762
18.4307	-0.463149
18.4934	-0.406715
18.5561	-0.348684
18.6188	-0.289283
18.6815	-0.228746
18.7441	-0.16731
18.8068	-0.105216
18.8695	-0.0427097
18.9322	0.0199648
18.9949	0.0825609
19.0576	0.144833
19.1203	0.206535
19.183	0.267427
19.2457	0.327267
19.3083	0.385822
19.371	0.442862
19.4337	0.498161
19.4964	0.551504
19.5591	0.602679
19.6218	0.651487
19.6845	0.697736
19.7472	0.741243
19.8099	0.781839
19.8725	0.819363
19.9352	0.853668
19.9979	0.884619
20.0606	0.912095
20.1233	0.935988
20.186	0.956203
20.2487	0.972662
20.3114	0.9853
20.3741	0.994067
20.4367	0.998928
20.4994	0.999866
20.5621	0.996875
20.6248	0.989968
20.6875	0.979171
20.7502	0.964528
20.8129	0.946096
20.8756	0.923947
20.9383	0.898168
21.0009	0.86886
21.0636	0.836139
21.1263	0.800133
21.189	0.760984
21.2517	0.718845
21.3144	0.673882
21.3771	0.626272
21.4398	0.576201
21.5025	0.523867
21.5651	0.469475
21.6278	0.413238
21.6905	0.355378
21.7532	0.296121
21.8159	0.235702
21.8786	0.174356
21.9413	0.112325
22.004	0.0498533
22.0667	-0.0128145
22.1293	-0.075432
22.192	-0.137753
22.2547	-0.199533
22.3174	-0.260529
22.3801	-0.320502
22.4428	-0.379215
22.5055	-0.436439
22.5682	-0.491948
22.6309	-0.545524
22.6935	-0.596957
22.7562	-0.646045
22.8189	-0.692595
22.8816	-0.736424
22.9443	-0.77736
23.007	-0.815242
23.0697	-0.849921
23.1324	-0.881262
23.1951	-0.90914
23.2577	-0.933446
23.3204	-0.954085
23.3831	-0.970976
23.4458	-0.984053
23.5085	-0.993264
23.5712	-0.998572
23.6339	-0.999957
23.6966	-0.997414
23.7593	-0.990953
23.8219	-0.980598
23.8846	-0.966391
23.9473	-0.948388
24.01	-0.926659
24.0727	-0.901289
24.1354	-0.872378
24.1981	-0.84004
24.2608	-0.804402
24.3235	-0.765604
24.3861	-0.723798
24.4488	-0.679149
24.5115	-0.631831
24.5742	-0.582031
24.6369	-0.529945
24.6996	-0.475777
24.7623	-0.419739
24.825	-0.362053
24.8876	-0.302944
24.9503	-0.242645
25.013	-0.181393
25.0757	-0.119428
25.1384	-0.0569943
25.2011	0.00566359
25.2638	0.0682992
25.3265	0.130667
25.3892	0.192521
25.4518	0.253618
25.5145	0.313719
25.5772	0.372588
25.6399	0.429993
25.7026	0.485709
25.7653	0.539517
25.828	0.591205
25.8907	0.64057
25.9534	0.687419
26.016	0.731568
26.0787	0.772842
26.1414	0.81108
26.2041	0.846132
26.2668	0.877859
26.3295	0.906138
26.3922	0.930857
26.4549	0.951919
26.5176	0.969241
26.5802	0.982756
26.6429	0.992409
26.7056	0.998164
26.7683	0.999998
26.831	0.997903
26.8937	0.991887
26.9564	0.981975
27.0191	0.968205
27.0818	0.950631
27.1444	0.929323
27.2071	0.904364
27.2698	0.875852
27.3325	0.843899
27.3952	0.80863
27.4579	0.770185
27.5206	0.728714
27.5833	0.68438
27.646	0.637358
27.7086	0.587832
27.7713	0.535996
27.834	0.482055
27.8967	0.426219
27.9594	0.36871
28.0221	0.309752
28.0848	0.249577
28.1475	0.188421
28.2102	0.126525
28.2728	0.0641324
28.3355	0.00148766
28.3982	-0.061163
28.4609	-0.123573
28.5236	-0.185498
28.5863	-0.246694
28.649	-0.306921
28.7117	-0.365942
28.7744	-0.423526
28.837	-0.479446
28.8997	-0.533482
28.9624	-0.585422
29.0251	-0.635063
29.0878	-0.682208
29.1505	-0.726673
29.2132	-0.768284
29.2759	-0.806876
29.3386	-0.842299
29.4012	-0.874412
29.4639	-0.90309
29.5266	-0.92822
29.5893	-0.949704
29.652	-0.967456
29.7147	-0.981408
29.7774	-0.991505
29.8401	-0.997706
29.9028	-0.999987
29.9654	-0.99834
30.0281	-0.992771
30.0908	-0.983302
30.1535	-0.969969
30.2162	-0.952826
30.2789	-0.93194
30.3416	-0.907393
30.4043	-0.87928
30.467	-0.847714
30.5296	-0.812817
30.5923	-0.774727
30.655	-0.733593
30.7177	-0.689577
30.7804	-0.642852
30.8431	-0.593602
30.9058	-0.542019
30.9685	-0.488308
31.0312	-0.432678
31.0938	-0.375348
31.1565	-0.316543
31.2192	-0.256495
31.2819	-0.195439
31.3446	-0.133616
31.4073	-0.0712673
31.47	-0.00863883
31.5327	0.0540236
31.5954	0.116474
31.658	0.178466
31.7207	0.239758
31.7834	0.300107
31.8461	0.359278
31.9088	0.417037
31.9715	0.473158
32.0342	0.52742
32.0969	0.579609
32.1596	0.629524
32.2222	0.676965
32.2849	0.721746
32.3476	0.763692
32.4103	0.802637
32.473	0.838429
32.5357	0.870926
32.5984	0.900002
32.6611	0.925543
32.7238	0.947446
32.7865	0.965628
32.8492	0.980015
32.9118	0.990552
32.9745	0.997198
33.0372	0.999926
33.0999	0.998725
33.1626	0.9936
33.2253	0.984572
33.288	0.971675
33.3507	0.954961
33.4134	0.934495
33.4761	0.910357
33.5388	0.882643
33.6014	0.851461
33.6641	0.816934
33.7268	0.779197
33.7895	0.738399
33.8522	0.6947
33.9149	0.648271
33.9776	0.599296
34.0403	0.547966
34.103	0.494483
34.1657	0.439057
34.2284	0.381907
34.291	0.323255
34.3537	0.263334
34.4164	0.202379
34.4791	0.140628
34.5418	0.0783244
34.6045	0.0157133
34.6672	-0.0469595
34.7299	-0.109448
34.7926	-0.171506
34.8553	-0.232891
34.9179	-0.29336
34.9806	-0.352677
35.0433	-0.410608
35.106	-0.466927
35.1687	-0.52141
35.2314	-0.573845
35.2941	-0.624026
35.3568	-0.671755
35.4195	-0.716844
35.4822	-0.759118
35.5449	-0.798408
35.6075	-0.834562
35.6702	-0.867437
35.7329	-0.896905
35.7956	-0.922848
35.8583	-0.945165
35.921	-0.96377
35.9837	-0.978587
36.0464	-0.98956
36.1091	-0.996645
36.1718	-0.999815
36.2345	-0.999056
36.2971	-0.994372
36.3598	-0.985782
36.4225	-0.973319
36.4852	-0.957031
36.5479	-0.936983
36.6106	-0.913255
36.6733	-0.885938
36.736	-0.85514
36.7987	-0.820983
36.8614	-0.7836
36.9241	-0.743139
36.9867	-0.699758
37.0494	-0.653628
37.1121	-0.604929
37.1748	-0.553854
37.2375	-0.500603
37.3002	-0.445386
37.3629	-0.388418
37.4256	-0.329924
37.4883	-0.270135
37.551	-0.209283
37.6137	-0.14761
37.6763	-0.0853566
37.739	-0.0227679
37.8017	0.0399103
37.8644	0.102432
37.9271	0.164551
37.9898	0.226023
38.0525	0.286607
38.1152	0.346066
38.1779	0.404165
38.2406	0.460675
38.3032	0.515376
38.3659	0.568052
38.4286	0.618497
38.4913	0.666511
38.554	0.711907
38.6167	0.754506
38.6794	0.79414
38.7421	0.830654
38.8048	0.863905
38.8675	0.893762
38.9302	0.920107
38.9928	0.942838
39.0555	0.961864
39.1182	0.977111
39.1809	0.988519
39.2436	0.996043
39.3063	0.999654
39.369	0.999338
39.4317	0.995095
39.4944	0.986943
39.5571	0.974913
39.6198	0.959053
39.6824	0.939425
39.7451	0.916106
39.8078	0.889188
39.8705	0.858777
39.9332	0.824991
39.9959	0.787964
40.0586	0.747842
40.1213	0.704781
40.184	0.658951
40.2467	0.610533
40.3094	0.559715
40.372	0.506699
40.4347	0.451692
40.4974	0.39491
40.5601	0.336577
40.6228	0.276921
40.6855	0.216178
40.7482	0.154585
40.8109	0.0923846
40.8736	0.0298213
40.9363	-0.0328591
40.999	-0.0954104
41.0616	-0.157587
41.1243	-0.219144
41.187	-0.27984
41.2497	-0.339437
41.3124	-0.397701
41.3751	-0.454401
41.4378	-0.509317
41.5005	-0.562231
41.5632	-0.612937
41.6259	-0.661234
41.6885	-0.706934
41.7512	-0.749856
41.8139	-0.789832
41.8766	-0.826705
41.9393	-0.86033
42.002	-0.890575
42.0647	-0.917321
42.1274	-0.940463
42.1901	-0.95991
42.2528	-0.975585
42.3155	-0.987428
42.3781	-0.995391
42.4408	-0.999444
42.5035	-0.99957
42.5662	-0.995768
42.6289	-0.988055
42.6916	-0.97646
42.7543	-0.961028
42.817	-0.94182
42.8797	-0.918913
42.9424	-0.892395
43.0051	-0.86237
43.0677	-0.828958
43.1304	-0.792289
43.1931	-0.752507
43.2558	-0.709769
43.3185	-0.664242
43.3812	-0.616106
43.4439	-0.565549
43.5066	-0.512769
43.5693	-0.457976
43.632	-0.401383
43.6947	-0.343213
43.7573	-0.283694
43.82	-0.223061
43.8827	-0.161552
43.9454	-0.0994079
44.0081	-0.0368733
44.0708	0.0258062
44.1335	0.0883843
44.1962	0.150615
44.2589	0.212254
44.3216	0.27306
44.3843	0.332792
44.4469	0.391217
44.5096	0.448105
44.5723	0.503232
44.635	0.556382
44.6977	0.607347
44.7604	0.655925
44.8231	0.701926
44.8858	0.745169
44.9485	0.785485
45.0112	0.822715
45.0738	0.856712
45.1365	0.887343
45.1992	0.914489
45.2619	0.938041
45.3246	0.957908
45.3873	0.974011
45.45	0.986288
45.5127	0.99469
45.5754	0.999184
45.6381	0.999752
45.7008	0.996392
45.7634	0.989118
45.8261	0.977957
45.8888	0.962954
45.9515	0.944168
46.0142	0.921673
46.0769	0.895556
46.1396	0.865921
46.2023	0.832884
46.265	0.796575
46.3277	0.757136
46.3904	0.714722
46.453	0.6695
46.5157	0.621648
46.5784	0.571354
46.6411	0.518814
46.7038	0.464237
46.7665	0.407835
46.8292	0.349831
46.8919	0.290453
46.9546	0.229934
47.0173	0.168511
47.08	0.106426
47.1426	0.0439234
47.2053	-0.0187521
47.268	-0.0813539
47.3307	-0.143636
47.3934	-0.205354
47.4561	-0.266265
47.5188	-0.32613
47.5815	-0.384714
47.6442	-0.441786
47.7069	-0.497122
47.7696	-0.550506
47.8322	-0.601726
47.8949	-0.650583
47.9576	-0.696883
48.0203	-0.740445
48.083	-0.781099
48.1457	-0.818683
48.2084	-0.853051
48.2711	-0.884068
48.3338	-0.911611
48.3965	-0.935573
48.4591	-0.955859
48.5218	-0.972389
48.5845	-0.985099
48.6472	-0.993939
48.7099	-0.998874
48.7726	-0.999884
48.8353	-0.996966
48.898	-0.990131
48.9607	-0.979406
49.0234	-0.964833
49.0861	-0.94647
49.1487	-0.924387
49.2114	-0.898674
49.2741	-0.869429
49.3368	-0.836768
49.3995	-0.80082
49.4622	-0.761726
49.5249	-0.719639
49.5876	-0.674725
49.6503	-0.627159
49.713	-0.57713
49.7757	-0.524833
49.8383	-0.470475
49.901	-0.414268
49.9637	-0.356433
50.0264	-0.297198
50.0891	-0.236795
50.1518	-0.175462
50.2145	-0.113439
50.2772	-0.0509714
50.3399	0.011697
50.4026	0.0743194
50.4653	0.13665
50.5279	0.198443
50.5906	0.259457
50.6533	0.319452
50.716	0.378191
50.7787	0.435445
50.8414	0.490988
50.9041	0.544602
50.9668	0.596076
51.0295	0.645208
51.0922	0.691805
51.1549	0.735685
51.2175	0.776673
51.2802	0.814611
51.3429	0.849348
51.4056	0.880748
51.4683	0.908688
51.531	0.933058
51.5937	0.953762
51.6564	0.970718
51.7191	0.983861
51.7818	0.993138
51.8444	0.998514
51.9071	0.999967
51.9698	0.99749
52.0325	0.991095
52.0952	0.980806
52.1579	0.966664
52.2206	0.948724
52.2833	0.927056
52.346	0.901746
52.4087	0.872893
52.4714	0.840611
52.534	0.805026
52.5967	0.766279
52.6594	0.72452
52.7221	0.679916
52.7848	0.63264
52.8475	0.582878
52.9102	0.530826
52.9729	0.476689
53.0356	0.420679
53.0983	0.363016
53.161	0.303927
53.2236	0.243644
53.2863	0.182404
53.349	0.120447
53.4117	0.0580168
53.4744	-0.00464133
53.5371	-0.0672812
53.5998	-0.129657
53.6625	-0.191523
53.7252	-0.252637
53.7879	-0.312758
53.8506	-0.37165
53.9132	-0.429082
53.9759	-0.484829
54.0386	-0.53867
54.1013	-0.590395
54.164	-0.639801
54.2267	-0.686693
54.2894	-0.730887
54.3521	-0.77221
54.4148	-0.810498
54.4775	-0.845603
54.5401	-0.877385
54.6028	-0.90572
54.6655	-0.930496
54.7282	-0.951617
54.7909	-0.968999
54.8536	-0.982574
54.9163	-0.992289
54.979	-0.998105
55.0417	-0.999999
55.1044	-0.997965
55.1671	-0.99201
55.2297	-0.982158
55.2924	-0.968446
55.3551	-0.95093
55.4178	-0.929678
55.4805	-0.904774
55.5432	-0.876314
55.6059	-0.844412
55.6686	-0.809192
55.7313	-0.770793
55.794	-0.729366
55.8567	-0.685073
55.9193	-0.638088
55.982	-0.588597
56.0447	-0.536793
56.1074	-0.48288
56.1701	-0.42707
56.2328	-0.369582
56.2955	-0.310642
56.3582	-0.250481
56.4209	-0.189337
56.4836	-0.127448
56.5463	-0.0650593
56.6089	-0.00241456
56.6716	0.0602397
56.7343	0.122657
56.797	0.184593
56.8597	0.245803
56.9224	0.306048
56.9851	0.36509
57.0478	0.422698
57.1105	0.478645
57.1732	0.532712
57.2359	0.584686
57.2985	0.634362
57.3612	0.681547
57.4239	0.726053
57.4866	0.767707
57.5493	0.806345
57.612	0.841815
57.6747	0.873978
57.7374	0.902706
57.8001	0.927889
57.8628	0.949425
57.9254	0.967232
57.9881	0.981238
58.0508	0.991389
58.1135	0.997646
58.1762	0.999982
58.2389	0.99839
58.3016	0.992876
58.3643	0.98346
58.427	0.970181
58.4897	0.95309
58.5524	0.932254
58.615	0.907756
58.6777	0.879691
58.7404	0.848171
58.8031	0.813317
58.8658	0.775269
58.9285	0.734174
58.9912	0.690196
59.0539	0.643505
59.1166	0.594286
59.1793	0.542733
59.242	0.489047
59.3046	0.433439
59.3673	0.376129
59.43	0.317341
59.4927	0.257306
59.5554	0.19626
59.6181	0.134444
59.6808	0.0720986
59.7435	0.00947033
59.8062	-0.0531951
59.8689	-0.115652
59.9316	-0.177654
59.9942	-0.238958
60.0569	-0.299323
60.1196	-0.358512
60.1823	-0.416293
60.245	-0.472438
60.3077	-0.526728
60.3704	-0.578947
60.4331	-0.628892
60.4958	-0.676367
60.5585	-0.721183
60.6212	-0.763167
60.6838	-0.802152
60.7465	-0.837986
60.8092	-0.870527
60.8719	-0.899648
60.9346	-0.925235
60.9973	-0.947186
61.06	-0.965416
61.1227	-0.979853
61.1854	-0.990441
61.2481	-0.997137
61.3107	-0.999916
61.3734	-0.998766
61.4361	-0.993692
61.4988	-0.984714
61.5615	-0.971867
61.6242	-0.955202
61.6869	-0.934784
61.7496	-0.910693
61.8123	-0.883025
61.875	-0.851887
61.9377	-0.817402
62.0003	-0.779706
62.063	-0.738947
62.1257	-0.695284
62.1884	-0.64889
62.2511	-0.599946
62.3138	-0.548645
62.3765	-0.495189
62.4392	-0.439787
62.5019	-0.382657
62.5646	-0.324024
62.6273	-0.264118
62.6899	-0.203174
62.7526	-0.141432
62.8153	-0.0791343
62.878	-0.0165256
62.9407	0.046148
63.0034	0.10864
63.0661	0.170706
63.1288	0.2321
63.1915	0.292583
63.2542	0.351917
63.3169	0.409867
63.3795	0.466208
63.4422	0.520717
63.5049	0.57318
63.5676	0.623391
63.6303	0.671153
63.693	0.716278
63.7557	0.758588
63.8184	0.797919
63.8811	0.834114
63.9438	0.867033
64.0064	0.896545
64.0691	0.922533
64.1318	0.944899
64.1945	0.963552
64.2572	0.978419
64.3199	0.989442
64.3826	0.996578
64.4453	0.999799
64.508	0.999091
64.5707	0.994459
64.6334	0.985919
64.696	0.973505
64.7587	0.957267
64.8214	0.937268
64.8841	0.913587
64.9468	0.886316
65.0095	0.855563
65.0722	0.821449
65.1349	0.784107
65.1976	0.743685
65.2603	0.700341
65.323	0.654245
65.3856	0.605579
65.4483	0.554534
65.511	0.50131
65.5737	0.446116
65.6364	0.38917
65.6991	0.330695
65.7618	0.27092
65.8245	0.210081
65.8872	0.148417
65.9499	0.0861698
66.0126	0.0235839
66.0752	-0.0390947
66.1379	-0.10162
66.2006	-0.163745
66.2633	-0.225228
66.326	-0.285825
66.3887	-0.3453
66.4514	-0.403418
66.5141	-0.459951
66.5768	-0.514677
66.6395	-0.56738
66.7021	-0.617855
66.7648	-0.665902
66.8275	-0.711333
66.8902	-0.75397
66.9529	-0.793644
67.0156	-0.8302
67.0783	-0.863494
67.141	-0.893396
67.2037	-0.919787
67.2664	-0.942565
67.3291	-0.96164
67.3917	-0.976937
67.4544	-0.988395
67.5171	-0.99597
67.5798	-0.999632
67.6425	-0.999367
67.7052	-0.995176
67.7679	-0.987074
67.8306	-0.975095
67.8933	-0.959284
67.956	-0.939705
68.0187	-0.916433
68.0813	-0.889562
68.144	-0.859195
68.2067	-0.825452
68.2694	-0.788467
68.3321	-0.748384
68.3948	-0.70536
68.4575	-0.659565
68.5202	-0.611179
68.5829	-0.560392
68.6456	-0.507403
68.7083	-0.45242
68.7709	-0.39566
68.8336	-0.337346
68.8963	-0.277706
68.959	-0.216975
69.0217	-0.155391
69.0844	-0.0931973
69.1471	-0.0306372
69.2098	0.0320432
69.2725	0.0945978
69.3352	0.156781
69.3979	0.218348
69.4605	0.279057
69.5232	0.338669
69.5859	0.396952
69.6486	0.453674
69.7113	0.508614
69.774	0.561556
69.8367	0.612292
69.8994	0.660622
69.9621	0.706356
70.0248	0.749316
70.0874	0.789331
70.1501	0.826246
70.2128	0.859914
70.2755	0.890203
70.3382	0.916995
70.4009	0.940185
70.4636	0.95968
70.5263	0.975406
70.589	0.987299
70.6517	0.995313
70.7144	0.999416
70.777	0.999593
70.8397	0.995843
70.9024	0.98818
70.9651	0.976635
71.0278	0.961253
71.0905	0.942094
71.1532	0.919234
71.2159	0.892763
71.2786	0.862783
71.3413	0.829415
71.404	0.792787
71.4666	0.753045
71.5293	0.710344
71.592	0.664852
71.6547	0.616748
71.7174	0.566222
71.7801	0.51347
71.8428	0.458701
71.9055	0.40213
71.9682	0.343979
72.0309	0.284477
72.0936	0.223857
72.1562	0.162358
72.2189	0.10022
72.2816	0.037689
72.3443	-0.0249902
72.407	-0.0875712
72.4697	-0.149808
72.5324	-0.211457
72.5951	-0.272274
72.6578	-0.332022
72.7205	-0.390466
72.7831	-0.447375
72.8458	-0.502527
72.9085	-0.555704
72.9712	-0.606698
73.0339	-0.655308
73.0966	-0.701344
73.1593	-0.744625
73.222	-0.78498
73.2847	-0.82225
73.3474	-0.856291
73.4101	-0.886967
73.4727	-0.914158
73.5354	-0.937758
73.5981	-0.957673
73.6608	-0.973826
73.7235	-0.986153
73.7862	-0.994606
73.8489	-0.99915
73.9116	-0.99977
73.9743	-0.996461
74.037	-0.989237
74.0997	-0.978127
74.1623	-0.963174
74.225	-0.944437
74.2877	-0.921989
74.3504	-0.895919
74.4131	-0.866329
74.4758	-0.833336
74.5385	-0.797068
74.6012	-0.757669
74.6639	-0.715293
74.7266	-0.670106
74.7893	-0.622287
74.8519	-0.572023
74.9146	-0.519512
74.9773	-0.46496
75.04	-0.40858
75.1027	-0.350596
75.1654	-0.291234
75.2281	-0.230728
75.2908	-0.169316
75.3535	-0.107238
75.4162	-0.0447389
75.4789	0.0179359
75.5415	0.0805403
75.6042	0.142828
75.6669	0.204555
75.7296	0.265478
75.7923	0.325358
75.855	0.38396
75.9177	0.441053
75.9804	0.496414
76.0431	0.549824
76.1058	0.601074
76.1684	0.649962
76.2311	0.696297
76.2938	0.739896
76.3565	0.780589
76.4192	0.818214
76.4819	0.852625
76.5446	0.883686
76.6073	0.911275
76.67	0.935284
76.7327	0.955618
76.7954	0.972198
76.858	0.984958
76.9207	0.993849
76.9834	0.998835
77.0461	0.999896
77.1088	0.997029
77.1715	0.990245
77.2342	0.979571
77.2969	0.965047
77.3596	0.946733
77.4223	0.924699
77.485	0.899031
77.5476	0.869832
77.6103	0.837215
77.673	0.801309
77.7357	0.762255
77.7984	0.720206
77.8611	0.675327
77.9238	0.627795
77.9865	0.577797
78.0492	0.525528
78.1119	0.471195
78.1746	0.41501
78.2372	0.357195
78.2999	0.297977
78.3626	0.237588
78.4253	0.176265
78.488	0.11425
78.5507	0.0517866
78.6134	-0.0108808
78.6761	-0.0735054
78.7388	-0.135841
78.8015	-0.197643
78.8642	-0.258669
78.9268	-0.318678
78.9895	-0.377436
79.0522	-0.43471
79.1149	-0.490276
79.1776	-0.543917
79.2403	-0.59542
79.303	-0.644584
79.3657	-0.691216
79.4284	-0.735131
79.4911	-0.776159
79.5537	-0.814137
79.6164	-0.848917
79.6791	-0.880361
79.7418	-0.908347
79.8045	-0.932764
79.8672	-0.953516
79.9299	-0.970522
79.9926	-0.983715
80.0553	-0.993043
80.118	-0.998469
80.1807	-0.999973
80.2433	-0.997548
80.306	-0.991204
80.3687	-0.980965
80.4314	-0.966873
80.4941	-0.948981
80.5568	-0.927362
80.6195	-0.902099
80.6822	-0.873291
80.7449	-0.841053
80.8076	-0.80551
80.8703	-0.766803
80.9329	-0.725083
80.9956	-0.680514
81.0583	-0.633271
81.121	-0.583541
81.1837	-0.531518
81.2464	-0.477407
81.3091	-0.42142
81.3718	-0.363777
81.4345	-0.304705
81.4972	-0.244436
81.5599	-0.183206
81.6225	-0.121257
81.6852	-0.0588317
81.7479	0.00382507
81.8106	0.0664668
81.8733	0.128847
81.936	0.190722
81.9987	0.251847
82.0614	0.311982
82.1241	0.370892
82.1868	0.428345
82.2495	0.484115
82.3121	0.537982
82.3748	0.589736
82.4375	0.639174
82.5002	0.686099
82.5629	0.73033
82.6256	0.771691
82.6883	0.81002
82.751	0.845167
82.8137	0.876993
82.8764	0.905373
82.939	0.930197
83.0017	0.951366
83.0644	0.968797
83.1271	0.982422
83.1898	0.992187
83.2525	0.998054
83.3152	1
83.3779	0.998017
83.4406	0.992113
83.5033	0.982311
83.566	0.96865
83.6286	0.951183
83.6913	0.929979
83.754	0.905121
83.8167	0.876707
83.8794	0.844849
83.9421	0.809671
84.0048	0.771313
84.0675	0.729924
84.1302	0.685667
84.1929	0.638716
84.2556	0.589256
84.3182	0.537481
84.3809	0.483595
84.4436	0.427808
84.5063	0.37034
84.569	0.311418
84.6317	0.251272
84.6944	0.190138
84.7571	0.128258
84.8198	0.0658738
84.8825	0.00323083
84.9452	-0.0594249
85.0078	-0.121847
85.0705	-0.183791
85.1332	-0.245012
85.1959	-0.305271
85.2586	-0.36433
85.3213	-0.421958
85.384	-0.477929
85.4467	-0.532021
85.5094	-0.584023
85.5721	-0.633731
85.6348	-0.680949
85.6974	-0.725492
85.7601	-0.767184
85.8228	-0.805862
85.8855	-0.841374
85.9482	-0.873581
86.0109	-0.902355
86.0736	-0.927584
86.1363	-0.949169
86.199	-0.967024
86.2617	-0.98108
86.3243	-0.991282
86.387	-0.997589
86.4497	-0.999977
86.5124	-0.998436
86.5751	-0.992973
86.6378	-0.983608
86.7005	-0.970378
86.7632	-0.953337
86.8259	-0.932549
86.8886	-0.908098
86.9513	-0.880079
87.0139	-0.848603
87.0766	-0.813792
87.1393	-0.775784
87.202	-0.734728
87.2647	-0.690786
87.3274	-0.64413
87.3901	-0.594943
87.4528	-0.543418
87.5155	-0.489758
87.5782	-0.434175
87.6409	-0.376885
87.7035	-0.318115
87.7662	-0.258095
87.8289	-0.197061
87.8916	-0.135252
87.9543	-0.0729127
88.017	-0.0102866
88.0797	0.05238
88.1424	0.114841
88.2051	0.17685
88.2678	0.238165
88.3305	0.298544
88.3931	0.35775
88.4558	0.415551
88.5185	0.471719
88.5812	0.526034
88.6439	0.578281
88.7066	0.628257
88.7693	0.675765
88.832	0.720618
88.8947	0.762639
88.9574	0.801664
89.0201	0.83754
89.0827	0.870125
89.1454	0.899291
89.2081	0.924925
89.2708	0.946924
89.3335	0.965203
89.3962	0.97969
89.4589	0.990328
89.5216	0.997075
89.5843	0.999905
89.647	0.998806
89.7096	0.993783
89.7723	0.984856
89.835	0.972059
89.8977	0.955443
89.9604	0.935074
90.0231	0.91103
90.0858	0.883408
90.1485	0.852314
90.2112	0.817872
90.2739	0.780217
90.3366	0.739497
90.3992	0.695871
90.4619	0.649511
90.5246	0.600599
90.5873	0.549328
90.65	0.495898
90.7127	0.44052
90.7754	0.383411
90.8381	0.324796
90.9008	0.264905
90.9635	0.203973
91.0262	0.14224
91.0888	0.079948
91.1515	0.0173418
91.2142	-0.0453325
91.2769	-0.107829
91.3396	-0.169901
91.4023	-0.231306
91.465	-0.291803
91.5277	-0.351153
91.5904	-0.409123
91.6531	-0.465486
91.7158	-0.52002
91.7784	-0.572511
91.8411	-0.622752
91.9038	-0.670547
91.9665	-0.715708
92.0292	-0.758056
92.0919	-0.797427
92.1546	-0.833664
92.2173	-0.866626
92.28	-0.896183
92.3427	-0.922219
92.4053	-0.944632
92.468	-0.963334
92.5307	-0.978251
92.5934	-0.989324
92.6561	-0.996511
92.7188	-0.999782
92.7815	-0.999126
92.8442	-0.994544
92.9069	-0.986054
92.9696	-0.973691
93.0323	-0.957502
93.0949	-0.937551
93.1576	-0.913917
93.2203	-0.886692
93.283	-0.855984
93.3457	-0.821912
93.4084	-0.784611
93.4711	-0.744228
93.5338	-0.700921
93.5965	-0.654859
93.6592	-0.606225
93.7219	-0.55521
93.7845	-0.502013
93.8472	-0.446843
93.9099	-0.389918
93.9726	-0.331462
94.0353	-0.271702
94.098	-0.210876
94.1607	-0.149221
94.2234	-0.0869793
94.2861	-0.0243961
94.3488	0.0382828
94.4115	0.100811
94.4741	0.162944
94.5368	0.224436
94.5995	0.285047
94.6622	0.344537
94.7249	0.402674
94.7876	0.459229
94.8503	0.51398
94.913	0.566711
94.9757	0.617216
95.0384	0.665296
95.1011	0.710762
95.1637	0.753436
95.2264	0.793149
95.2891	0.829746
95.3518	0.863084
95.4145	0.89303
95.4772	0.919468
95.5399	0.942293
95.6026	0.961417
95.6653	0.976763
95.728	0.988271
95.7906	0.995897
95.8533	0.99961
95.916	0.999396
95.9787	0.995255
96.0414	0.987204
96.1041	0.975275
96.1668	0.959513
96.2295	0.939982
96.2922	0.916758
96.3549	0.889932
96.4176	0.85961
96.4802	0.825911
96.5429	0.788966
96.6056	0.748922
96.6683	0.705936
96.731	0.660176
96.7937	0.611822
96.8564	0.561064
96.9191	0.508103
96.9818	0.453144
97.0445	0.396406
97.1072	0.33811
97.1698	0.278486
97.2325	0.217768
97.2952	0.156194
97.3579	0.0940062
97.4206	0.0314493
97.4833	-0.0312312
97.546	-0.0937889
97.6087	-0.155978
97.6714	-0.217555
97.7341	-0.278276
97.7968	-0.337905
97.8594	-0.396206
97.9221	-0.45295
97.9848	-0.507915
98.0475	-0.560884
98.1102	-0.611649
98.1729	-0.660012
98.2356	-0.705781
98.2983	-0.748778
98.361	-0.788832
98.4237	-0.825788
98.4864	-0.859499
98.549	-0.889833
98.6117	-0.916671
98.6744	-0.939908
98.7371	-0.959452
98.7998	-0.975226
98.8625	-0.987169
98.9252	-0.995234
98.9879	-0.999388
99.0506	-0.999616
99.1133	-0.995917
99.1759	-0.988305
99.2386	-0.97681
99.3013	-0.961477
99.364	-0.942367
99.4267	-0.919554
99.4894	-0.893128
99.5521	-0.863194
99.6148	-0.829868
99.6775	-0.793282
99.7402	-0.753579
99.8029	-0.710916
99.8655	-0.665459
99.9282	-0.617388
99.9909	-0.566891
100.054	-0.514167
100.116	-0.459423
100.179	-0.402874
100.242	-0.344742
100.304	-0.285256
100.367	-0.224649
100.43	-0.163159
100.492	-0.101028
100.555	-0.0385009
100.618	0.024178
100.681	0.0867619
100.743	0.149005
100.806	0.210662
100.869	0.271492
100.931	0.331256
100.994	0.389717
101.057	0.446648
101.119	0.501824
101.182	0.555028
101.245	0.606052
101.307	0.654695
101.37	0.700765
101.433	0.744082
101.496	0.784476
101.558	0.821788
101.621	0.855871
101.684	0.886591
101.746	0.913828
101.809	0.937475
101.872	0.957439
101.934	0.973641
101.997	0.986018
102.06	0.994521
102.122	0.999117
102.185	0.999787
102.248	0.996529
102.31	0.989356
102.373	0.978296
102.436	0.963392
102.499	0.944704
102.561	0.922304
102.624	0.89628
102.687	0.866735
102.749	0.833784
102.812	0.797558
102.875	0.758199
102.937	0.71586
103	0.670709
103.063	0.622923
103.125	0.57269
103.188	0.520206
103.251	0.465679
103.314	0.409322
103.376	0.351357
103.439	0.292011
103.502	0.231519
103.564	0.170116
103.627	0.108046
103.69	0.0455505
103.752	-0.0171236
103.815	-0.0797305
103.878	-0.142024
103.94	-0.20376
104.003	-0.264695
104.066	-0.32459
104.129	-0.38321
104.191	-0.440324
104.254	-0.495708
104.317	-0.549145
104.379	-0.600424
104.442	-0.649345
104.505	-0.695714
104.567	-0.73935
104.63	-0.780081
104.693	-0.817747
104.755	-0.8522
104.818	-0.883305
104.881	-0.91094
104.943	-0.934996
105.006	-0.955379
105.069	-0.972008
105.132	-0.984818
105.194	-0.993759
105.257	-0.998795
105.32	-0.999908
105.382	-0.997092
105.445	-0.990358
105.508	-0.979734
105.57	-0.96526
105.633	-0.946994
105.696	-0.925008
105.758	-0.899387
105.821	-0.870232
105.884	-0.837659
105.947	-0.801795
106.009	-0.76278
106.072	-0.720769
106.135	-0.675926
106.197	-0.628427
106.26	-0.578459
106.323	-0.526219
106.385	-0.471911
106.448	-0.415749
106.511	-0.357954
106.573	-0.298752
106.636	-0.238377
106.699	-0.177065
106.762	-0.115058
106.824	-0.0525979
106.887	0.0100684
106.95	0.0726951
107.012	0.135036
107.075	0.196847
107.138	0.257884
107.2	0.317908
107.263	0.376683
107.326	0.433978
107.388	0.489568
107.451	0.543235
107.514	0.594767
107.577	0.643963
107.639	0.690628
107.702	0.73458
107.765	0.775647
107.827	0.813665
107.89	0.848487
107.953	0.879976
108.015	0.908007
108.078	0.932471
108.141	0.953271
108.203	0.970326
108.266	0.983568
108.329	0.992947
108.391	0.998424
108.454	0.999979
108.517	0.997604
108.58	0.991311
108.642	0.981123
108.705	0.96708
108.768	0.949237
108.83	0.927665
108.893	0.902449
108.956	0.873687
109.018	0.841492
109.081	0.805991
109.144	0.767324
109.206	0.725642
109.269	0.681109
109.332	0.6339
109.395	0.584201
109.457	0.532206
109.52	0.47812
109.583	0.422156
109.645	0.364534
109.708	0.305479
109.771	0.245224
109.833	0.184005
109.896	0.122064
109.959	0.0596427
110.021	-0.00301261
110.084	-0.0656561
110.147	-0.128042
110.21	-0.189924
110.272	-0.25106
110.335	-0.31121
110.398	-0.370138
110.46	-0.427611
110.523	-0.483404
110.586	-0.537297
110.648	-0.58908
110.711	-0.638548
110.774	-0.685508
110.836	-0.729775
110.899	-0.771174
110.962	-0.809543
111.024	-0.844732
111.087	-0.876602
111.15	-0.905028
111.213	-0.929898
111.275	-0.951115
111.338	-0.968595
111.401	-0.98227
111.463	-0.992085
111.526	-0.998003
111.589	-1
111.651	-0.998068
111.714	-0.992214
111.777	-0.982463
111.839	-0.968851
111.902	-0.951433
111.965	-0.930277
112.028	-0.905466
112.09	-0.877098
112.153	-0.845283
112.216	-0.810148
112.278	-0.77183
112.341	-0.730479
112.404	-0.686258
112.466	-0.639341
112.529	-0.589913
112.592	-0.538166
112.654	-0.484305
112.717	-0.428542
112.78	-0.371095
112.843	-0.31219
112.905	-0.252058
112.968	-0.190936
113.031	-0.129064
113.093	-0.0666845
113.156	-0.00404328
113.219	0.0586138
113.281	0.121041
113.344	0.182992
113.407	0.244224
113.469	0.304497
113.532	0.363574
113.595	0.421222
113.658	0.477215
113.72	0.531333
113.783	0.583364
113.846	0.633103
113.908	0.680354
113.971	0.724932
114.034	0.766663
114.096	0.805381
114.159	0.840935
114.222	0.873185
114.284	0.902004
114.347	0.92728
114.41	0.948913
114.472	0.966817
114.535	0.980923
114.598	0.991175
114.661	0.997533
114.723	0.999971
114.786	0.998481
114.849	0.993068
114.911	0.983754
114.974	0.970574
115.037	0.953582
115.099	0.932842
115.162	0.908438
115.225	0.880465
115.287	0.849032
115.35	0.814264
115.413	0.776297
115.476	0.735279
115.538	0.691373
115.601	0.644751
115.664	0.595595
115.726	0.5441
115.789	0.490467
115.852	0.434906
115.914	0.377638
115.977	0.318885
116.04	0.25888
116.102	0.197857
116.165	0.136057
116.228	0.073723
116.291	0.011099
116.353	-0.0515686
116.416	-0.114034
116.479	-0.176051
116.541	-0.237376
116.604	-0.297769
116.667	-0.356992
116.729	-0.414812
116.792	-0.471002
116.855	-0.525342
116.917	-0.577618
116.98	-0.627625
117.043	-0.675166
117.105	-0.720054
117.168	-0.762113
117.231	-0.801178
117.294	-0.837096
117.356	-0.869724
117.419	-0.898936
117.482	-0.924615
117.544	-0.946662
117.607	-0.96499
117.67	-0.979527
117.732	-0.990215
117.795	-0.997012
117.858	-0.999893
117.92	-0.998845
117.983	-0.993873
118.046	-0.984996
118.109	-0.972249
118.171	-0.955683
118.234	-0.935361
118.297	-0.911365
118.359	-0.883788
118.422	-0.852739
118.485	-0.81834
118.547	-0.780725
118.61	-0.740043
118.673	-0.696454
118.735	-0.650128
118.798	-0.601248
118.861	-0.550006
118.924	-0.496603
118.986	-0.441249
119.049	-0.384162
119.112	-0.325565
119.174	-0.265689
119.237	-0.204769
119.3	-0.143044
119.362	-0.0807578
119.425	-0.0181541
119.488	0.0445209
119.55	0.107021
119.613	0.169101
119.676	0.230516
119.739	0.291025
119.801	0.350392
119.864	0.408381
119.927	0.464766
119.989	0.519325
120.052	0.571844
120.115	0.622116
120.177	0.669944
120.24	0.71514
120.303	0.757526
120.365	0.796936
120.428	0.833215
120.491	0.86622
120.553	0.895822
120.616	0.921905
120.679	0.944365
120.742	0.963116
120.804	0.978082
120.867	0.989205
120.93	0.996443
120.992	0.999765
121.055	0.999159
121.118	0.994628
121.18	0.986189
121.243	0.973876
121.306	0.957736
121.368	0.937834
121.431	0.914246
121.494	0.887067
121.557	0.856403
121.619	0.822375
121.682	0.785115
121.745	0.74477
121.807	0.7015
121.87	0.655473
121.933	0.606871
121.995	0.555885
122.058	0.502715
122.121	0.44757
122.183	0.390666
122.246	0.332228
122.309	0.272484
122.372	0.21167
122.434	0.150024
122.497	0.0877886
122.56	0.0252084
122.622	-0.0374709
122.685	-0.100003
122.748	-0.162142
122.81	-0.223644
122.873	-0.284268
122.936	-0.343774
122.998	-0.40193
123.061	-0.458507
123.124	-0.513283
123.187	-0.566042
123.249	-0.616577
123.312	-0.664689
123.375	-0.71019
123.437	-0.752901
123.5	-0.792654
123.563	-0.829293
123.625	-0.862673
123.688	-0.892664
123.751	-0.919148
123.813	-0.942021
123.876	-0.961193
123.939	-0.976588
124.001	-0.988147
124.064	-0.995823
124.127	-0.999587
124.19	-0.999424
124.252	-0.995334
124.315	-0.987333
124.378	-0.975454
124.44	-0.959742
124.503	-0.940259
124.566	-0.917082
124.628	-0.890303
124.691	-0.860025
124.754	-0.826368
124.816	-0.789465
124.879	-0.74946
124.942	-0.706511
125.005	-0.660786
125.067	-0.612464
125.13	-0.561737
125.193	-0.508802
125.255	-0.453869
125.318	-0.397152
125.381	-0.338875
125.443	-0.279266
125.506	-0.218561
125.569	-0.156996
125.631	-0.094815
125.694	-0.0322613
125.757	0.0304191
125.82	0.09298
125.882	0.155176
125.945	0.216762
126.008	0.277496
126.07	0.33714
126.133	0.39546
126.196	0.452225
126.258	0.507215
126.321	0.560211
126.384	0.611006
126.446	0.659401
126.509	0.705205
126.572	0.748239
126.634	0.788333
126.697	0.825329
126.76	0.859083
126.823	0.889462
126.885	0.916346
126.948	0.93963
127.011	0.959222
127.073	0.975046
127.136	0.987039
127.199	0.995154
127.261	0.999359
127.324	0.999638
127.387	0.99599
127.449	0.988428
127.512	0.976983
127.575	0.9617
127.638	0.942638
127.7	0.919873
127.763	0.893494
127.826	0.863604
127.888	0.830321
127.951	0.793776
128.014	0.754113
128.076	0.711487
128.139	0.666071
128.202	0.618039
128.264	0.567579
128.327	0.51489
128.39	0.460178
128.452	0.403659
128.515	0.345555
128.578	0.286093
128.641	0.225507
128.703	0.164036
128.766	0.10192
128.829	0.0394042
128.891	-0.0232666
128.954	-0.085846
129.017	-0.148088
129.079	-0.209749
129.142	-0.270585
129.205	-0.330359
129.267	-0.388836
129.33	-0.445784
129.393	-0.500982
129.455	-0.554213
129.518	-0.605266
129.581	-0.653942
129.643	-0.700049
129.706	-0.743406
129.769	-0.783844
129.831	-0.821203
129.894	-0.855336
129.957	-0.886109
130.02	-0.913402
130.082	-0.937107
130.145	-0.957131
130.208	-0.973396
130.27	-0.985838
130.333	-0.994407
130.396	-0.99907
130.458	-0.999809
130.521	-0.996621
130.584	-0.989518
130.646	-0.978529
130.709	-0.963696
130.772	-0.945077
130.834	-0.922747
130.897	-0.896792
130.96	-0.867314
131.022	-0.83443
131.085	-0.798269
131.148	-0.758972
131.211	-0.716693
131.273	-0.6716
131.336	-0.623868
131.399	-0.573687
131.461	-0.521251
131.524	-0.466769
131.587	-0.410453
131.649	-0.352524
131.712	-0.293211
131.775	-0.232747
131.837	-0.171368
131.9	-0.109316
131.963	-0.0468346
132.025	0.0158307
132.088	0.0784338
132.151	0.140729
132.213	0.202471
132.276	0.263418
132.339	0.32333
132.402	0.381973
132.464	0.439115
132.527	0.494532
132.59	0.548007
132.652	0.599329
132.715	0.648297
132.778	0.694719
132.84	0.738411
132.903	0.779204
132.966	0.816936
133.028	0.851459
133.091	0.882638
133.154	0.910349
133.216	0.934485
133.279	0.954951
133.342	0.971665
133.404	0.984563
133.467	0.993594
133.53	0.998722
133.592	0.999927
133.655	0.997204
133.718	0.990565
133.781	0.980034
133.843	0.965655
133.906	0.947482
133.969	0.925588
134.031	0.900058
134.094	0.870992
134.157	0.838506
134.219	0.802726
134.282	0.763793
134.345	0.72186
134.407	0.677092
134.47	0.629664
134.533	0.579762
134.595	0.527584
134.658	0.473333
134.721	0.417223
134.783	0.359475
134.846	0.300314
134.909	0.239973
134.972	0.17869
135.034	0.116706
135.097	0.0542625
135.16	-0.00839385
135.222	-0.0710172
135.285	-0.133362
135.348	-0.195182
135.41	-0.256236
135.473	-0.316284
135.536	-0.375089
135.598	-0.432421
135.661	-0.488054
135.724	-0.54177
135.786	-0.593359
135.849	-0.642616
135.912	-0.68935
135.974	-0.733376
136.037	-0.774521
136.1	-0.812624
136.162	-0.847535
136.225	-0.879117
136.288	-0.907246
136.351	-0.931812
136.413	-0.952717
136.476	-0.96988
136.539	-0.983234
136.601	-0.992726
136.664	-0.998318
136.727	-0.999989
136.789	-0.997732
136.852	-0.991557
136.915	-0.981486
136.977	-0.96756
137.04	-0.949834
137.103	-0.928377
137.165	-0.903274
137.228	-0.874622
137.291	-0.842535
137.353	-0.807139
137.416	-0.768573
137.479	-0.726987
137.542	-0.682546
137.604	-0.635424
137.667	-0.585806
137.73	-0.533887
137.792	-0.479872
137.855	-0.423971
137.918	-0.366405
137.98	-0.307399
138.043	-0.247187
138.106	-0.186003
138.168	-0.124089
138.231	-0.0616873
138.294	0.000956567
138.356	0.0635967
138.419	0.125987
138.482	0.187883
138.544	0.24904
138.607	0.309219
138.67	0.368184
138.732	0.425703
138.795	0.481549
138.858	0.535504
138.921	0.587356
138.983	0.6369
139.046	0.683943
139.109	0.728299
139.171	0.769795
139.234	0.808267
139.297	0.843564
139.359	0.875548
139.422	0.904093
139.485	0.929087
139.547	0.950431
139.61	0.968042
139.673	0.981851
139.735	0.991803
139.798	0.997859
139.861	0.999996
139.923	0.998205
139.986	0.992494
140.049	0.982883
140.112	0.969413
140.174	0.952134
140.237	0.931116
140.3	0.90644
140.362	0.878204
140.425	0.846518
140.488	0.811508
140.55	0.773309
140.613	0.732074
140.676	0.687963
140.738	0.641149
140.801	0.591818
140.864	0.540161
140.926	0.486383
140.989	0.430695
141.052	0.373315
141.114	0.314468
141.177	0.254386
141.24	0.193306
141.303	0.131465
141.365	0.0691088
141.428	0.00648077
141.491	-0.0561727
141.553	-0.118606
141.616	-0.180573
141.679	-0.24183
141.741	-0.302138
141.804	-0.361259
141.867	-0.418961
141.929	-0.475018
141.992	-0.529208
142.055	-0.58132
142.117	-0.631149
142.18	-0.678498
142.243	-0.723183
142.305	-0.765027
142.368	-0.803866
142.431	-0.839547
142.493	-0.871931
142.556	-0.90089
142.619	-0.92631
142.682	-0.948092
142.744	-0.96615
142.807	-0.980413
142.87	-0.990825
142.932	-0.997345
142.995	-0.999948
143.058	-0.998623
143.12	-0.993376
143.183	-0.984226
143.246	-0.971211
143.308	-0.954381
143.371	-0.933802
143.434	-0.909556
143.496	-0.881737
143.559	-0.850454
143.622	-0.815831
143.684	-0.778003
143.747	-0.73712
143.81	-0.693341
143.873	-0.646839
143.935	-0.597796
143.998	-0.546405
144.061	-0.492868
144.123	-0.437395
144.186	-0.380204
144.249	-0.321519
144.311	-0.261572
144.374	-0.200597
144.437	-0.138834
144.499	-0.0765264
144.562	-0.0139177
144.625	0.0487456
144.687	0.111217
144.75	0.173252
144.813	0.234607
144.875	0.29504
144.938	0.354314
145.001	0.412196
145.063	0.46846
145.126	0.522883
145.189	0.575253
145.252	0.625362
145.314	0.673016
145.377	0.718026
145.44	0.760216
145.502	0.79942
145.565	0.835483
145.628	0.868265
145.69	0.897637
145.753	0.923482
145.816	0.945701
145.878	0.964205
145.941	0.978921
146.004	0.989792
146.066	0.996776
146.129	0.999844
146.192	0.998986
146.254	0.994203
146.317	0.985515
146.38	0.972956
146.443	0.956575
146.505	0.936438
146.568	0.912621
146.631	0.885221
146.693	0.854343
146.756	0.820109
146.819	0.782655
146.881	0.742126
146.944	0.698681
147.007	0.652493
147.069	0.603742
147.132	0.552619
147.195	0.499326
147.257	0.444071
147.32	0.387072
147.383	0.328553
147.445	0.268743
147.508	0.207878
147.571	0.146196
147.633	0.0839398
147.696	0.021354
147.759	-0.0413158
147.822	-0.103823
147.884	-0.165923
147.947	-0.227371
148.01	-0.287926
148.072	-0.347349
148.135	-0.405409
148.198	-0.461876
148.26	-0.516529
148.323	-0.569153
148.386	-0.619542
148.448	-0.667497
148.511	-0.71283
148.574	-0.755363
148.636	-0.794929
148.699	-0.831373
148.762	-0.864551
148.824	-0.894334
148.887	-0.920604
148.95	-0.943257
149.013	-0.962206
149.075	-0.977375
149.138	-0.988705
149.201	-0.996152
149.263	-0.999686
149.326	-0.999293
149.389	-0.994975
149.451	-0.986749
149.514	-0.974647
149.577	-0.958717
149.639	-0.939021
149.702	-0.915637
149.765	-0.888656
149.827	-0.858185
149.89	-0.824342
149.953	-0.787262
150.015	-0.74709
150.078	-0.703983
150.141	-0.658111
150.204	-0.609654
150.266	-0.558802
150.329	-0.505756
150.392	-0.450723
150.454	-0.393919
150.517	-0.335568
150.58	-0.275899
150.642	-0.215147
150.705	-0.153549
150.768	-0.0913485
150.83	-0.028789
150.893	0.0338837
150.956	0.0964232
151.018	0.158584
151.081	0.220122
151.144	0.280795
151.206	0.340366
151.269	0.398599
151.332	0.455267
151.394	0.510146
151.457	0.563022
151.52	0.613686
151.583	0.66194
151.645	0.707594
151.708	0.750468
151.771	0.790395
151.833	0.827217
151.896	0.86079
151.959	0.890982
152.021	0.917674
152.084	0.940762
152.147	0.960154
152.209	0.975775
152.272	0.987563
152.335	0.995472
152.397	0.999472
152.46	0.999545
152.523	0.995692
152.585	0.987928
152.648	0.976284
152.711	0.960805
152.774	0.941552
152.836	0.918601
152.899	0.892042
152.962	0.861979
153.024	0.82853
153.087	0.791826
153.15	0.752013
153.212	0.709246
153.275	0.663693
153.338	0.615532
153.4	0.564955
153.463	0.512158
153.526	0.457349
153.588	0.400744
153.651	0.342565
153.714	0.28304
153.776	0.222404
153.839	0.160894
153.902	0.0987522
153.964	0.0362224
154.027	-0.0264497
154.09	-0.0890179
154.153	-0.151236
154.215	-0.212861
154.278	-0.273649
154.341	-0.333363
154.403	-0.391767
154.466	-0.448632
154.529	-0.503736
154.591	-0.55686
154.654	-0.607797
154.717	-0.656347
154.779	-0.702319
154.842	-0.745532
154.905	-0.785817
154.967	-0.823015
155.03	-0.856981
155.093	-0.88758
155.155	-0.914693
155.218	-0.938214
155.281	-0.958049
155.344	-0.974121
155.406	-0.986367
155.469	-0.994738
155.532	-0.999202
155.594	-0.999742
155.657	-0.996354
155.72	-0.989053
155.782	-0.977867
155.845	-0.96284
155.908	-0.944032
155.97	-0.921515
156.033	-0.895379
156.096	-0.865725
156.158	-0.832671
156.221	-0.796347
156.284	-0.756894
156.346	-0.714469
156.409	-0.669237
156.472	-0.621377
156.535	-0.571076
156.597	-0.518531
156.66	-0.46395
156.723	-0.407547
156.785	-0.349543
156.848	-0.290166
156.911	-0.229649
156.973	-0.16823
157.036	-0.10615
157.099	-0.0436538
157.161	0.0190142
157.224	0.0816076
157.287	0.143881
157.349	0.205588
157.412	0.266488
157.475	0.326342
157.537	0.384913
157.6	0.441973
157.663	0.497297
157.725	0.550667
157.788	0.601875
157.851	0.650718
157.914	0.697005
157.976	0.740555
158.039	0.781196
158.102	0.818768
158.164	0.853124
158.227	0.88413
158.29	0.911662
158.352	0.935614
158.415	0.955891
158.478	0.972413
158.54	0.985115
158.603	0.993948
158.666	0.998877
158.728	0.999883
158.791	0.996961
158.854	0.990123
158.916	0.979396
158.979	0.964822
159.042	0.946459
159.105	0.924378
159.167	0.898666
159.23	0.869424
159.293	0.836767
159.355	0.800823
159.418	0.761734
159.481	0.719653
159.543	0.674745
159.606	0.627187
159.669	0.577165
159.731	0.524876
159.794	0.470526
159.857	0.414327
159.919	0.356501
159.982	0.297275
160.045	0.236881
160.107	0.175557
160.17	0.113543
160.233	0.0510828
160.295	-0.0115778
160.358	-0.0741929
160.421	-0.136517
160.484	-0.198304
160.546	-0.259313
160.609	-0.319303
160.672	-0.378038
160.734	-0.435289
160.797	-0.490831
160.86	-0.544444
160.922	-0.595919
160.985	-0.645053
161.048	-0.691653
161.11	-0.735537
161.173	-0.776531
161.236	-0.814475
161.298	-0.849221
161.361	-0.88063
161.424	-0.908581
161.486	-0.932963
161.549	-0.95368
161.612	-0.970651
161.675	-0.98381
161.737	-0.993104
161.8	-0.998498
161.863	-0.999969
161.925	-0.997513
161.988	-0.991139
162.051	-0.980871
162.113	-0.966751
162.176	-0.948834
162.239	-0.927189
162.301	-0.901903
162.364	-0.873074
162.427	-0.840816
162.489	-0.805255
162.552	-0.766532
162.615	-0.724797
162.677	-0.680216
162.74	-0.632962
162.803	-0.583223
162.865	-0.531192
162.928	-0.477076
162.991	-0.421085
163.054	-0.36344
163.116	-0.304368
163.179	-0.2441
163.242	-0.182874
163.304	-0.120929
163.367	-0.058509
163.43	0.00414062
163.492	0.066774
163.555	0.129145
163.618	0.191009
163.68	0.252123
163.743	0.312246
163.806	0.371143
163.868	0.428582
163.931	0.484337
163.994	0.53819
164.056	0.58993
164.119	0.639352
164.182	0.686262
164.245	0.730478
164.307	0.771824
164.37	0.810138
164.433	0.84527
164.495	0.877082
164.558	0.905449
164.621	0.93026
164.683	0.951416
164.746	0.968836
164.809	0.98245
164.871	0.992205
164.934	0.998062
164.997	1
165.059	0.99801
165.122	0.992099
165.185	0.982292
165.247	0.968626
165.31	0.951156
165.373	0.92995
165.436	0.905091
165.498	0.876676
165.561	0.844819
165.624	0.809643
165.686	0.771287
165.749	0.729901
165.812	0.685648
165.874	0.638703
165.937	0.589248
166	0.537479
166.062	0.483599
166.125	0.427819
166.188	0.370359
166.25	0.311444
166.313	0.251306
166.376	0.190181
166.438	0.128308
166.501	0.065932
166.564	0.00329674
166.626	-0.0593515
166.689	-0.121767
166.752	-0.183703
166.815	-0.244919
166.877	-0.305172
166.94	-0.364226
167.003	-0.42185
167.065	-0.477817
167.128	-0.531907
167.191	-0.583908
167.253	-0.633615
167.316	-0.680834
167.379	-0.725378
167.441	-0.767073
167.504	-0.805755
167.567	-0.841273
167.629	-0.873485
167.692	-0.902267
167.755	-0.927505
167.817	-0.9491
167.88	-0.966967
167.943	-0.981035
168.006	-0.99125
168.068	-0.997572
168.131	-0.999975
168.194	-0.998451
168.256	-0.993005
168.319	-0.983658
168.382	-0.970448
168.444	-0.953426
168.507	-0.932658
168.57	-0.908228
168.632	-0.88023
168.695	-0.848775
168.758	-0.813986
168.82	-0.775999
168.883	-0.734965
168.946	-0.691043
169.008	-0.644408
169.071	-0.595241
169.134	-0.543736
169.196	-0.490095
169.259	-0.43453
169.322	-0.377257
169.385	-0.318503
169.447	-0.258498
169.51	-0.197477
169.573	-0.135681
169.635	-0.0733513
169.698	-0.0107339
169.761	0.0519256
169.823	0.114381
169.886	0.176387
169.949	0.237701
170.011	0.298081
170.074	0.35729
170.137	0.415095
170.199	0.471271
170.262	0.525595
170.325	0.577854
170.387	0.627844
170.45	0.675368
170.513	0.720239
170.576	0.762281
170.638	0.801328
170.701	0.837229
170.764	0.86984
170.826	0.899035
170.889	0.924699
170.952	0.946731
171.014	0.965044
171.077	0.979566
171.14	0.990241
171.202	0.997027
171.265	0.999896
171.328	0.998837
171.39	0.993855
171.453	0.98497
171.516	0.972216
171.578	0.955643
171.641	0.935316
171.704	0.911315
171.766	0.883735
171.829	0.852684
171.892	0.818283
171.955	0.780669
172.017	0.739988
172.08	0.6964
172.143	0.650077
172.205	0.6012
172.268	0.549963
172.331	0.496565
172.393	0.441216
172.456	0.384134
172.519	0.325544
172.581	0.265675
172.644	0.204762
172.707	0.143045
172.769	0.0807665
172.832	0.0181705
172.895	-0.0444969
172.957	-0.10699
173.02	-0.169062
173.083	-0.23047
173.146	-0.290973
173.208	-0.350333
173.271	-0.408318
173.334	-0.464698
173.396	-0.519253
173.459	-0.571768
173.522	-0.622038
173.584	-0.669864
173.647	-0.715059
173.71	-0.757446
173.772	-0.796857
173.835	-0.833138
173.898	-0.866147
173.96	-0.895754
174.023	-0.921842
174.086	-0.94431
174.148	-0.963068
174.211	-0.978043
174.274	-0.989177
174.337	-0.996426
174.399	-0.99976
174.462	-0.999168
174.525	-0.994651
174.587	-0.986227
174.65	-0.97393
174.713	-0.957807
174.775	-0.937921
174.838	-0.914352
174.901	-0.887191
174.963	-0.856546
175.026	-0.822536
175.089	-0.785295
175.151	-0.74497
175.214	-0.701718
175.277	-0.65571
175.339	-0.607127
175.402	-0.556159
175.465	-0.503006
175.527	-0.447878
175.59	-0.39099
175.653	-0.332567
175.716	-0.272838
175.778	-0.212036
175.841	-0.150402
175.904	-0.0881773
175.966	-0.0256061
176.029	0.0370657
176.092	0.0995919
176.154	0.161727
176.217	0.223227
176.28	0.28385
176.342	0.343358
176.405	0.401517
176.468	0.458099
176.53	0.512882
176.593	0.565651
176.656	0.616197
176.718	0.664324
176.781	0.70984
176.844	0.752569
176.907	0.792342
176.969	0.829002
177.032	0.862406
177.095	0.892423
177.157	0.918934
177.22	0.941836
177.283	0.961039
177.345	0.976467
177.408	0.988059
177.471	0.99577
177.533	0.99957
177.596	0.999444
177.659	0.995392
177.721	0.98743
177.784	0.97559
177.847	0.959918
177.909	0.940475
177.972	0.917338
178.035	0.890598
178.097	0.86036
178.16	0.826743
178.223	0.789878
178.286	0.74991
178.348	0.706997
178.411	0.661307
178.474	0.61302
178.536	0.562325
178.599	0.50942
178.662	0.454515
178.724	0.397825
178.787	0.339572
178.85	0.279985
178.912	0.219299
178.975	0.157751
179.038	0.0955832
179.1	0.0330403
179.163	-0.0296325
179.226	-0.0921889
179.288	-0.154383
179.351	-0.215971
179.414	-0.276711
179.477	-0.336363
179.539	-0.394695
179.602	-0.451476
179.665	-0.506484
179.727	-0.559502
179.79	-0.610323
179.853	-0.658746
179.915	-0.704582
179.978	-0.747651
180.041	-0.787782
180.103	-0.82482
180.166	-0.858617
180.229	-0.889043
180.291	-0.915976
180.354	-0.939311
180.417	-0.958956
180.479	-0.974836
180.542	-0.986885
180.605	-0.995059
180.667	-0.999324
180.73	-0.999664
180.793	-0.996077
180.856	-0.988578
180.918	-0.977196
180.981	-0.961976
181.044	-0.942977
181.106	-0.920274
181.169	-0.893956
181.232	-0.864127
181.294	-0.830904
181.357	-0.794417
181.42	-0.75481
181.482	-0.712238
181.545	-0.666868
181.608	-0.618879
181.67	-0.568459
181.733	-0.515806
181.796	-0.461127
181.858	-0.404637
181.921	-0.346558
181.984	-0.287117
182.047	-0.226549
182.109	-0.165091
182.172	-0.102984
182.235	-0.0404726
182.297	0.0221976
182.36	0.0847807
182.423	0.147031
182.485	0.208703
182.548	0.269556
182.611	0.32935
182.673	0.38785
182.736	0.444827
182.799	0.500057
182.861	0.553322
182.924	0.604414
182.987	0.653132
183.049	0.699285
183.112	0.742691
183.175	0.78318
183.238	0.820592
183.3	0.854781
183.363	0.885613
183.426	0.912966
183.488	0.936733
183.551	0.956821
183.614	0.973151
183.676	0.985658
183.739	0.994293
183.802	0.999023
183.864	0.999829
183.927	0.996708
183.99	0.989672
184.052	0.978748
184.115	0.96398
184.178	0.945426
184.24	0.923158
184.303	0.897264
184.366	0.867846
184.428	0.835019
184.491	0.798912
184.554	0.759667
184.617	0.717439
184.679	0.672392
184.742	0.624704
184.805	0.574562
184.867	0.522164
184.93	0.467714
184.993	0.411427
185.055	0.353525
185.118	0.294234
185.181	0.233787
185.243	0.172421
185.306	0.110379
185.369	0.0479027
185.431	-0.0147615
185.494	-0.0773678
185.557	-0.13967
185.619	-0.201424
185.682	-0.262386
185.745	-0.322318
185.808	-0.380984
185.87	-0.438154
185.933	-0.493602
185.996	-0.547112
186.058	-0.598473
186.121	-0.647482
186.184	-0.693949
186.246	-0.73769
186.309	-0.778533
186.372	-0.816319
186.434	-0.850898
186.497	-0.882134
186.56	-0.909906
186.622	-0.934104
186.685	-0.954633
186.748	-0.971412
186.81	-0.984375
186.873	-0.993472
186.936	-0.998667
186.998	-0.999939
187.061	-0.997283
187.124	-0.990711
187.187	-0.980246
187.249	-0.965932
187.312	-0.947823
187.375	-0.925992
187.437	-0.900523
187.5	-0.871517
187.563	-0.839088
187.625	-0.803363
187.688	-0.764483
187.751	-0.7226
187.813	-0.677878
187.876	-0.630494
187.939	-0.580633
188.001	-0.528492
188.064	-0.474275
188.127	-0.418195
188.189	-0.360472
188.252	-0.301333
188.315	-0.241011
188.378	-0.179742
188.44	-0.117768
188.503	-0.0553301
188.566	0.00732463
188.628	0.0699506
188.691	0.132302
188.754	0.194133
188.816	0.255202
188.879	0.315269
188.942	0.374097
189.004	0.431456
189.067	0.48712
189.13	0.540871
189.192	0.592498
189.255	0.641797
189.318	0.688575
189.38	0.732648
189.443	0.773844
189.506	0.812
189.568	0.846967
189.631	0.878607
189.694	0.906796
189.757	0.931423
189.819	0.952392
189.882	0.969619
189.945	0.983038
190.007	0.992596
190.07	0.998255
190.133	0.999994
190.195	0.997804
190.258	0.991695
190.321	0.98169
190.383	0.96783
190.446	0.950168
190.509	0.928774
190.571	0.903732
190.634	0.87514
190.697	0.843111
190.759	0.80777
190.822	0.769256
190.885	0.727721
190.948	0.683327
191.01	0.636249
191.073	0.586672
191.136	0.534791
191.198	0.480809
191.261	0.424939
191.324	0.367399
191.386	0.308417
191.449	0.248223
191.512	0.187054
191.574	0.12515
191.637	0.0627545
191.7	0.000112684
191.762	-0.0625296
191.825	-0.124926
191.888	-0.186832
191.95	-0.248004
192.013	-0.308202
192.076	-0.36719
192.139	-0.424735
192.201	-0.480612
192.264	-0.534601
192.327	-0.58649
192.389	-0.636075
192.452	-0.683163
192.515	-0.727566
192.577	-0.769112
192.64	-0.807637
192.703	-0.84299
192.765	-0.875031
192.828	-0.903636
192.891	-0.928691
192.953	-0.950098
193.016	-0.967773
193.079	-0.981647
193.141	-0.991666
193.204	-0.997789
193.267	-0.999993
193.329	-0.998269
193.392	-0.992624
193.455	-0.98308
193.518	-0.969674
193.58	-0.95246
193.643	-0.931505
193.706	-0.906891
193.768	-0.878715
193.831	-0.847087
193.894	-0.812132
193.956	-0.773987
194.019	-0.732802
194.082	-0.688738
194.144	-0.64197
194.207	-0.592679
194.27	-0.541061
194.332	-0.487317
194.395	-0.43166
194.458	-0.374306
194.52	-0.315483
194.583	-0.25542
194.646	-0.194355
194.709	-0.132525
194.771	-0.0701754
194.834	-0.00754999
194.897	0.0551051
194.959	0.117544
195.022	0.179521
195.085	0.240793
195.147	0.301119
195.21	0.360262
195.273	0.41799
195.335	0.474076
195.398	0.528301
195.461	0.58045
195.523	0.630319
195.586	0.677712
195.649	0.722444
195.711	0.764338
195.774	0.803229
195.837	0.838966
195.899	0.871407
195.962	0.900425
196.025	0.925907
196.088	0.947751
196.15	0.965874
196.213	0.980202
196.276	0.99068
196.338	0.997267
196.401	0.999937
196.464	0.998679
196.526	0.993498
196.589	0.984415
196.652	0.971465
196.714	0.9547
196.777	0.934184
196.84	0.91
196.902	0.882241
196.965	0.851016
197.028	0.816449
197.09	0.778675
197.153	0.737842
197.216	0.694111
197.279	0.647654
197.341	0.598653
197.404	0.547301
197.467	0.493798
197.529	0.438356
197.592	0.381193
197.655	0.322532
197.717	0.262604
197.78	0.201645
197.843	0.139893
197.905	0.0775925
197.968	0.0149869
198.031	-0.0476776
198.093	-0.110155
198.156	-0.172199
198.219	-0.233567
198.281	-0.294018
198.344	-0.353314
198.407	-0.411222
198.469	-0.467515
198.532	-0.521971
198.595	-0.574378
198.658	-0.624528
198.72	-0.672225
198.783	-0.717281
198.846	-0.759521
198.908	-0.798777
198.971	-0.834895
199.034	-0.867734
199.096	-0.897165
199.159	-0.923072
199.222	-0.945353
199.284	-0.96392
199.347	-0.978702
199.41	-0.98964
199.472	-0.99669
199.535	-0.999825
199.598	-0.999033
199.66	-0.994317
199.723	-0.985696
199.786	-0.973202
199.849	-0.956887
199.911	-0.936812
199.974	-0.913058
200.037	-0.885718
200.099	-0.854898
200.162	-0.820721
200.225	-0.78332
200.287	-0.742842
200.35	-0.699446
200.413	-0.653303
200.475	-0.604594
200.538	-0.55351
200.601	-0.500252
200.663	-0.445029
200.726	-0.388058
200.789	-0.329563
200.851	-0.269773
200.914	-0.208924
200.977	-0.147254
201.04	-0.0850052
201.102	-0.0224229
201.165	0.0402474
201.228	0.10276
201.29	0.164868
201.353	0.226329
201.416	0.286901
201.478	0.346347
201.541	0.404431
201.604	0.460927
201.666	0.515613
201.729	0.568274
201.792	0.618702
201.854	0.6667
201.917	0.712079
201.98	0.754662
202.042	0.79428
202.105	0.830778
202.168	0.864014
202.23	0.893855
202.293	0.920186
202.356	0.942902
202.419	0.961914
202.481	0.977148
202.544	0.988544
202.607	0.996058
202.669	0.999658
202.732	0.999332
202.795	0.995081
202.857	0.986922
202.92	0.974886
202.983	0.95902
203.045	0.939388
203.108	0.916066
203.171	0.889146
203.233	0.858733
203.296	0.824947
203.359	0.787921
203.421	0.7478
203.484	0.704742
203.547	0.658916
203.61	0.610501
203.672	0.559689
203.735	0.506678
203.798	0.451677
203.86	0.394902
203.923	0.336575
203.986	0.276927
204.048	0.216191
204.111	0.154606
204.174	0.0924133
204.236	0.0298578
204.299	-0.032815
204.362	-0.0953589
204.424	-0.157528
204.487	-0.219079
204.55	-0.279769
204.612	-0.33936
204.675	-0.397618
204.738	-0.454315
204.8	-0.509226
204.863	-0.562138
204.926	-0.612842
204.989	-0.661138
205.051	-0.706838
205.114	-0.749761
205.177	-0.78974
205.239	-0.826616
205.302	-0.860245
205.365	-0.890496
205.427	-0.917249
205.49	-0.940398
205.553	-0.959854
205.615	-0.97554
205.678	-0.987394
205.741	-0.99537
205.803	-0.999436
205.866	-0.999577
205.929	-0.995791
205.991	-0.988093
206.054	-0.976515
206.117	-0.961101
206.18	-0.941912
206.242	-0.919023
206.305	-0.892525
206.368	-0.86252
206.43	-0.829128
206.493	-0.792479
206.556	-0.752717
206.618	-0.709999
206.681	-0.664492
206.744	-0.616375
206.806	-0.565837
206.869	-0.513076
206.932	-0.4583
206.994	-0.401724
207.057	-0.343569
207.12	-0.284066
207.182	-0.223446
207.245	-0.161949
207.308	-0.0998162
207.37	-0.0372909
207.433	0.0253808
207.496	0.0879528
207.559	0.150179
207.621	0.211816
207.684	0.272621
207.747	0.332355
207.809	0.390783
207.872	0.447677
207.935	0.502812
207.997	0.555972
208.06	0.606948
208.123	0.65554
208.185	0.701558
208.248	0.744819
208.311	0.785155
208.373	0.822408
208.436	0.856429
208.499	0.887087
208.561	0.914261
208.624	0.937843
208.687	0.957742
208.75	0.973879
208.812	0.98619
208.875	0.994628
208.938	0.999159
209	0.999765
209.063	0.996445
209.126	0.98921
209.188	0.97809
209.251	0.963129
209.314	0.944384
209.376	0.92193
209.439	0.895854
209.502	0.86626
209.564	0.833263
209.627	0.796993
209.69	0.757593
209.752	0.715217
209.815	0.670031
209.878	0.622214
209.941	0.571953
210.003	0.519445
210.066	0.464897
210.129	0.408523
210.191	0.350545
210.254	0.291189
210.317	0.23069
210.379	0.169284
210.442	0.107214
210.505	0.044722
210.567	-0.0179452
210.63	-0.0805419
210.693	-0.142822
210.755	-0.204542
210.818	-0.265458
210.881	-0.325331
210.943	-0.383926
211.006	-0.441014
211.069	-0.496369
211.131	-0.549774
211.194	-0.60102
211.257	-0.649906
211.32	-0.696238
211.382	-0.739836
211.445	-0.780528
211.508	-0.818154
211.57	-0.852566
211.633	-0.88363
211.696	-0.911222
211.758	-0.935236
211.821	-0.955576
211.884	-0.972163
211.946	-0.984931
212.009	-0.99383
212.072	-0.998826
212.134	-0.999899
212.197	-0.997044
212.26	-0.990273
212.322	-0.979612
212.385	-0.965103
212.448	-0.946804
212.511	-0.924785
212.573	-0.899134
212.636	-0.869952
212.699	-0.837352
212.761	-0.801463
212.824	-0.762426
212.887	-0.720395
212.949	-0.675534
213.012	-0.628019
213.075	-0.578038
213.137	-0.525786
213.2	-0.471469
213.263	-0.4153
213.325	-0.3575
213.388	-0.298296
213.451	-0.23792
213.513	-0.176609
213.576	-0.114605
213.639	-0.0521507
213.701	0.0105086
213.764	0.0731265
213.827	0.135457
213.89	0.197256
213.952	0.25828
214.015	0.318289
214.078	0.377048
214.14	0.434327
214.203	0.489899
214.266	0.543547
214.328	0.59506
214.391	0.644235
214.454	0.69088
214.516	0.734812
214.579	0.775857
214.642	0.813855
214.704	0.848656
214.767	0.880123
214.83	0.908134
214.892	0.932577
214.955	0.953358
215.018	0.970393
215.081	0.983617
215.143	0.992978
215.206	0.998438
215.269	0.999977
215.331	0.997588
215.394	0.99128
215.457	0.981079
215.519	0.967024
215.582	0.949171
215.645	0.927589
215.707	0.902364
215.77	0.873595
215.833	0.841394
215.895	0.805889
215.958	0.767218
216.021	0.725533
216.083	0.680999
216.146	0.63379
216.209	0.584091
216.271	0.532098
216.334	0.478015
216.397	0.422054
216.46	0.364436
216.522	0.305386
216.585	0.245137
216.648	0.183925
216.71	0.12199
216.773	0.0595764
216.836	-0.00307137
216.898	-0.0657071
216.961	-0.128085
217.024	-0.189959
217.086	-0.251088
217.149	-0.31123
217.212	-0.37015
217.274	-0.427615
217.337	-0.483402
217.4	-0.537289
217.462	-0.589066
217.525	-0.638529
217.588	-0.685484
217.651	-0.729747
217.713	-0.771143
217.776	-0.809511
217.839	-0.844698
217.901	-0.876568
217.964	-0.904995
218.027	-0.929867
218.089	-0.951086
218.152	-0.96857
218.215	-0.98225
218.277	-0.992071
218.34	-0.997995
218.403	-1
218.465	-0.998076
218.528	-0.992233
218.591	-0.982492
218.653	-0.968891
218.716	-0.951485
218.779	-0.930342
218.842	-0.905545
218.904	-0.87719
218.967	-0.84539
219.03	-0.81027
219.092	-0.771967
219.155	-0.730631
219.218	-0.686426
219.28	-0.639525
219.343	-0.590112
219.406	-0.53838
219.468	-0.484534
219.531	-0.428785
219.594	-0.371352
219.656	-0.31246
219.719	-0.252341
219.782	-0.19123
219.844	-0.129369
219.907	-0.0669989
219.97	-0.00436599
220.032	0.0582841
220.095	0.120705
220.158	0.182652
220.221	0.243882
220.283	0.304153
220.346	0.36323
220.409	0.42088
220.471	0.476878
220.534	0.531001
220.597	0.58304
220.659	0.632788
220.722	0.68005
220.785	0.724642
220.847	0.766387
220.91	0.805122
220.973	0.840694
221.035	0.872964
221.098	0.901806
221.161	0.927105
221.223	0.948762
221.286	0.966693
221.349	0.980827
221.412	0.991109
221.474	0.997497
221.537	0.999967
221.6	0.99851
221.662	0.99313
221.725	0.98385
221.788	0.970705
221.85	0.953748
221.913	0.933044
221.976	0.908675
222.038	0.880737
222.101	0.84934
222.164	0.814606
222.226	0.776673
222.289	0.735689
222.352	0.691816
222.414	0.645225
222.477	0.5961
222.54	0.544633
222.602	0.491027
222.665	0.435492
222.728	0.378247
222.791	0.319516
222.853	0.25953
222.916	0.198525
222.979	0.13674
223.041	0.0744176
223.104	0.0118031
223.167	-0.0508578
223.229	-0.113319
223.292	-0.175335
223.355	-0.236662
223.417	-0.29706
223.48	-0.356291
223.543	-0.414122
223.605	-0.470327
223.668	-0.524685
223.731	-0.576981
223.793	-0.627011
223.856	-0.674579
223.919	-0.719496
223.982	-0.761588
224.044	-0.800688
224.107	-0.836643
224.17	-0.869312
224.232	-0.898567
224.295	-0.924292
224.358	-0.946386
224.42	-0.964763
224.483	-0.979351
224.546	-0.990092
224.608	-0.996944
224.671	-0.99988
224.734	-0.998888
224.796	-0.993973
224.859	-0.985154
224.922	-0.972465
224.984	-0.955957
225.047	-0.935694
225.11	-0.911755
225.173	-0.884235
225.235	-0.853242
225.298	-0.818897
225.361	-0.781336
225.423	-0.740706
225.486	-0.697167
225.549	-0.650889
225.611	-0.602055
225.674	-0.550855
225.737	-0.497492
225.799	-0.442175
225.862	-0.385121
225.925	-0.326555
225.987	-0.266706
226.05	-0.205809
226.113	-0.144104
226.175	-0.0818323
226.238	-0.0192396
226.301	0.0434287
226.363	0.105926
226.426	0.168008
226.489	0.22943
226.552	0.28995
226.614	0.349332
226.677	0.407341
226.74	0.463751
226.802	0.518339
226.865	0.570891
226.928	0.6212
226.99	0.66907
227.053	0.714311
227.116	0.756747
227.178	0.796211
227.241	0.832547
227.304	0.865612
227.366	0.895278
227.429	0.921427
227.492	0.943957
227.554	0.96278
227.617	0.97782
227.68	0.98902
227.743	0.996335
227.805	0.999736
227.868	0.999211
227.931	0.994761
227.993	0.986404
228.056	0.974172
228.119	0.958113
228.181	0.938292
228.244	0.914784
228.307	0.887684
228.369	0.857097
228.432	0.823143
228.495	0.785957
228.557	0.745682
228.62	0.702479
228.683	0.656517
228.745	0.607976
228.808	0.557047
228.871	0.50393
228.933	0.448834
228.996	0.391974
229.059	0.333575
229.122	0.273866
229.184	0.213081
229.247	0.151459
229.31	0.0892424
229.372	0.026675
229.435	-0.0359972
229.498	-0.098528
229.56	-0.160672
229.623	-0.222184
229.686	-0.282824
229.748	-0.342353
229.811	-0.400538
229.874	-0.457149
229.936	-0.511964
229.999	-0.564769
230.062	-0.615355
230.124	-0.663524
230.187	-0.709087
230.25	-0.751864
230.313	-0.791689
230.375	-0.828404
230.438	-0.861864
230.501	-0.89194
230.563	-0.918512
230.626	-0.941476
230.689	-0.960743
230.751	-0.976235
230.814	-0.987893
230.877	-0.995671
230.939	-0.999538
231.002	-0.999479
231.065	-0.995494
231.127	-0.987599
231.19	-0.975824
231.253	-0.960217
231.315	-0.940838
231.378	-0.917763
231.441	-0.891084
231.503	-0.860905
231.566	-0.827344
231.629	-0.790533
231.692	-0.750617
231.754	-0.707753
231.817	-0.662109
231.88	-0.613864
231.942	-0.563208
232.005	-0.51034
232.068	-0.455467
232.13	-0.398806
232.193	-0.340578
232.256	-0.281012
232.318	-0.220342
232.381	-0.158807
232.444	-0.0966475
232.506	-0.0341089
232.569	0.0285637
232.632	0.0911241
232.694	0.153327
232.757	0.214927
232.82	0.275683
232.883	0.335356
232.945	0.393712
233.008	0.450521
233.071	0.505561
233.133	0.558615
233.196	0.609475
233.259	0.657941
233.321	0.703823
233.384	0.74694
233.447	0.787123
233.509	0.824215
233.572	0.858069
233.635	0.888553
233.697	0.915546
233.76	0.938943
233.823	0.958653
233.885	0.974597
233.948	0.986712
234.011	0.994952
234.074	0.999284
234.136	0.999691
234.199	0.996172
234.262	0.988739
234.324	0.977423
234.387	0.962267
234.45	0.943332
234.512	0.920692
234.575	0.894435
234.638	0.864665
234.7	0.831498
234.763	0.795066
234.826	0.755511
234.888	0.712988
234.951	0.667664
235.014	0.619718
235.076	0.569338
235.139	0.516722
235.202	0.462076
235.264	0.405615
235.327	0.347561
235.39	0.288141
235.453	0.22759
235.515	0.166145
235.578	0.104047
235.641	0.0415409
235.703	-0.0211286
235.766	-0.0837152
235.829	-0.145973
235.891	-0.207657
235.954	-0.268526
236.017	-0.32834
236.079	-0.386864
236.142	-0.443869
236.205	-0.49913
236.267	-0.552431
236.33	-0.603562
236.393	-0.652322
236.455	-0.69852
236.518	-0.741974
236.581	-0.782514
236.644	-0.81998
236.706	-0.854226
236.769	-0.885116
236.832	-0.912529
236.894	-0.936359
236.957	-0.95651
237.02	-0.972904
237.082	-0.985477
237.145	-0.994179
237.208	-0.998975
237.27	-0.999848
237.333	-0.996794
237.396	-0.989825
237.458	-0.978967
237.521	-0.964264
237.584	-0.945774
237.646	-0.923569
237.709	-0.897736
237.772	-0.868377
237.834	-0.835607
237.897	-0.799555
237.96	-0.760362
238.023	-0.718183
238.085	-0.673183
238.148	-0.625538
238.211	-0.575437
238.273	-0.523075
238.336	-0.468659
238.399	-0.412402
238.461	-0.354525
238.524	-0.295255
238.587	-0.234826
238.649	-0.173474
238.712	-0.111441
238.775	-0.0489707
238.837	0.0136924
238.9	0.0763017
238.963	0.138611
239.025	0.200376
239.088	0.261355
239.151	0.321306
239.214	0.379996
239.276	0.437192
239.339	0.492672
239.402	0.546217
239.464	0.597616
239.527	0.646667
239.59	0.693179
239.652	0.736968
239.715	0.777862
239.778	0.815701
239.84	0.850335
239.903	0.88163
239.966	0.909462
240.028	0.933722
240.091	0.954314
240.154	0.971157
240.216	0.984186
240.279	0.99335
240.342	0.998611
240.404	0.99995
240.467	0.997362
240.53	0.990855
240.593	0.980457
240.655	0.966208
240.718	0.948164
240.781	0.926395
240.843	0.900988
240.906	0.872041
240.969	0.839669
241.031	0.804
241.094	0.765172
241.157	0.723338
241.219	0.678664
241.282	0.631324
241.345	0.581504
241.407	0.529399
241.47	0.475216
241.533	0.419166
241.595	0.361469
241.658	0.302353
241.721	0.242049
241.784	0.180794
241.846	0.118829
241.909	0.0563977
241.972	-0.0062554
242.034	-0.068884
242.097	-0.131242
242.16	-0.193084
242.222	-0.254168
242.285	-0.314254
242.348	-0.373106
242.41	-0.430491
242.473	-0.486186
242.536	-0.539972
242.598	-0.591636
242.661	-0.640976
242.724	-0.687799
242.786	-0.73192
242.849	-0.773166
242.912	-0.811376
242.975	-0.846398
243.037	-0.878096
243.1	-0.906345
243.163	-0.931033
243.225	-0.952065
243.288	-0.969357
243.351	-0.982842
243.413	-0.992466
243.476	-0.998192
243.539	-0.999997
243.601	-0.997874
243.664	-0.991832
243.727	-0.981893
243.789	-0.968098
243.852	-0.950501
243.915	-0.92917
243.977	-0.904189
244.04	-0.875657
244.103	-0.843685
244.165	-0.8084
244.228	-0.769939
244.291	-0.728454
244.354	-0.684107
244.416	-0.637074
244.479	-0.587538
244.542	-0.535694
244.604	-0.481747
244.667	-0.425907
244.73	-0.368394
244.792	-0.309434
244.855	-0.249258
244.918	-0.188104
244.98	-0.126211
245.043	-0.0638216
245.106	-0.00118194
245.168	0.0614624
245.231	0.123865
245.294	0.185782
245.356	0.246968
245.419	0.307185
245.482	0.366195
245.545	0.423767
245.607	0.479674
245.67	0.533697
245.733	0.585624
245.795	0.63525
245.858	0.682381
245.921	0.726832
245.983	0.768428
246.046	0.807006
246.109	0.842414
246.171	0.874513
246.234	0.903177
246.297	0.928294
246.359	0.949764
246.422	0.967503
246.485	0.981443
246.547	0.991527
246.61	0.997717
246.673	0.999988
246.735	0.998331
246.798	0.992753
246.861	0.983275
246.924	0.969935
246.986	0.952786
247.049	0.931893
247.112	0.907341
247.174	0.879225
247.237	0.847655
247.3	0.812755
247.362	0.774664
247.425	0.733529
247.488	0.689513
247.55	0.642789
247.613	0.59354
247.676	0.54196
247.738	0.488251
247.801	0.432624
247.864	0.375298
247.926	0.316497
247.989	0.256454
248.052	0.195403
248.115	0.133585
248.177	0.071242
248.24	0.00861921
248.303	-0.0540375
248.365	-0.116482
248.428	-0.178469
248.491	-0.239755
248.553	-0.300099
248.616	-0.359264
248.679	-0.417018
248.741	-0.473135
248.804	-0.527393
248.867	-0.579579
248.929	-0.629489
248.992	-0.676926
249.055	-0.721704
249.117	-0.763648
249.18	-0.802592
249.243	-0.838383
249.305	-0.870882
249.368	-0.89996
249.431	-0.925502
249.494	-0.94741
249.556	-0.965596
249.619	-0.97999
249.682	-0.990534
249.744	-0.997187
249.807	-0.999924
249.87	-0.998733
249.932	-0.993619
249.995	-0.984602
250.058	-0.971718
250.12	-0.955018
250.183	-0.934565
250.246	-0.910443
250.308	-0.882743
250.371	-0.851577
250.434	-0.817066
250.496	-0.779345
250.559	-0.738563
250.622	-0.694881
250.685	-0.648468
250.747	-0.599509
250.81	-0.548195
250.873	-0.494728
250.935	-0.439317
250.998	-0.382181
251.061	-0.323544
251.123	-0.263636
251.186	-0.202692
251.249	-0.140952
251.311	-0.0786585
251.374	-0.016056
251.437	0.0466095
251.499	0.109092
251.562	0.171146
251.625	0.232528
251.687	0.292996
251.75	0.352313
251.813	0.410247
251.876	0.466569
251.938	0.521059
252.001	0.573502
252.064	0.623692
252.126	0.671433
252.189	0.716536
252.252	0.758825
252.314	0.798133
252.377	0.834306
252.44	0.867202
252.502	0.896692
252.565	0.92266
252.628	0.945004
252.69	0.963635
252.753	0.978482
252.816	0.989485
252.878	0.996602
252.941	0.999804
253.004	0.99908
253.066	0.99443
253.129	0.985875
253.192	0.973448
253.255	0.957197
253.317	0.937186
253.38	0.913494
253.443	0.886213
253.505	0.855452
253.568	0.821331
253.631	0.783984
253.693	0.743557
253.756	0.70021
253.819	0.654112
253.881	0.605445
253.944	0.5544
254.007	0.501177
254.069	0.445986
254.132	0.389043
254.195	0.330572
254.257	0.270802
254.32	0.209969
254.383	0.148311
254.446	0.0860706
254.508	0.0234919
254.571	-0.039179
254.634	-0.101696
254.696	-0.163814
254.759	-0.225288
254.822	-0.285877
254.884	-0.345343
254.947	-0.403453
255.01	-0.459978
255.072	-0.514697
255.135	-0.567393
255.198	-0.617862
255.26	-0.665903
255.323	-0.711328
255.386	-0.75396
255.448	-0.79363
255.511	-0.830183
255.574	-0.863475
255.636	-0.893375
255.699	-0.919766
255.762	-0.942545
255.825	-0.961621
255.887	-0.97692
255.95	-0.988382
256.013	-0.995962
256.075	-0.99963
256.138	-0.99937
256.201	-0.995185
256.263	-0.987091
256.326	-0.97512
256.389	-0.959318
256.451	-0.939749
256.514	-0.916488
256.577	-0.889628
256.639	-0.859273
256.702	-0.825542
256.765	-0.78857
